{
    "loss": 0.5409029126167297,
    "accuracy": 0.9482758641242981
}